<?xml version="1.0" encoding="ISO-8859-1"?>

<scholarRegistration xmlns:xsi="http://www.w3.org/2001/XMLSchema-instance" xsi:noNamespaceSchemaLocation="139688_MANVENDRA SINGH PANWAR_XSD.xsd">

	<scholar>
		<rollNo>A12</rollNo>
		<firstName>Man</firstName>
		<lastName>Singh</lastName>
		<mobile>9834343489</mobile>
		<guideName>Dr. Rajiv Rajnathan</guideName>
	</scholar>
	
	<scholar>
		<rollNo>A22</rollNo>
		<firstName>Kunal</firstName>
		<lastName>Singh</lastName>
		<mobile>9834343439</mobile>
		<guideName>Dr. Vijay Mathur</guideName>
	</scholar>
	
	<scholar>
		<rollNo>A32</rollNo>
		<firstName>Rohit</firstName>
		<lastName>Singh</lastName>
		<mobile>9873434689</mobile>
		<guideName>Dr. Binod Kumar</guideName>
	</scholar>

</scholarRegistration>