<?xml version="1.0" encoding="utf-8"?>

<email xmlns:xsi="http://www.w3.org/2001/XMLSchema-instance"
xsi:noNamespaceSchemaLocation="Assignment-1.2.xsd">
	<email_data>
		<to>ajitesh@capgemini.com</to>
		<from>shahriyar@capgemini.com</from>
		<cc>farid@capgemini.com</cc>
		<bcc>ashish@capgemini.com</bcc>
		<subject>
			Request For M1 Test Sample Questions
		</subject>
		<body>
			I need the sample questions of M1 test as soon as possible. Please forward me at earliest.
		</body>
	</email_data>
	
	<email_data>
		<to>sanhita@capgemini.com</to>
		<from>shahriyar@capgemini.com</from>
		<cc>farid@capgemini.com</cc>
		<bcc>ashish@capgemini.com</bcc>
		<subject>
			Change In Movie Planning
		</subject>
		<body>
			The plan for movie on Sunday has been postponed. I'll let you know the new date and time soon.
		</body>
	</email_data>
</email>