<?xml version="1.0" encoding="utf-8"?>

<employeeDetails xmlns:xsi="http://www.w3.org/2001/XMLSchema-instance"
xsi:noNamespaceSchemaLocation="Assignment-1.4.xsd">
	<employee>
		<empNo>7369</empNo>
		<eName>Smith</eName>
		<job>Clerk</job>
		<mgr>7902</mgr>
		<hireDate>17-DEC-80</hireDate>
		<sal>1100</sal>
		<comm>200</comm>
		<deptNo>20</deptNo>
	</employee>
	
	<employee>
		<empNo>7499</empNo>
		<eName>Allen</eName>
		<job>Salesman</job>
		<mgr>7698</mgr>
		<hireDate>20-FEB-81</hireDate>
		<sal>1600</sal>
		<comm>24820</comm>
		<deptNo>30</deptNo>
	</employee>
	
	<employee>
		<empNo>7521</empNo>
		<eName>Ward</eName>
		<job>Salesman</job>
		<mgr>7698</mgr>
		<hireDate>22-FEB-81</hireDate>
		<sal>1375</sal>
		<comm>19700</comm>
		<deptNo>30</deptNo>
	</employee>
	
	<employee>
		<empNo>7566</empNo>
		<eName>Jones</eName>
		<job>Manager</job>
		<mgr>7839</mgr>
		<hireDate>02-APR-81</hireDate>
		<sal>3175</sal>
		<deptNo>20</deptNo>
	</employee>
	
	<employee>
		<empNo>7654</empNo>
		<eName>Martin</eName>
		<job>Salesman</job>
		<mgr>7698</mgr>
		<hireDate>28-SEP-81</hireDate>
		<sal>1375</sal>
		<comm>20600</comm>
		<deptNo>30</deptNo>
	</employee>
	
	<employee>
		<empNo>7698</empNo>
		<eName>Blake</eName>
		<job>Manager</job>
		<mgr>7839</mgr>
		<hireDate>01-MAY-81</hireDate>
		<sal>2850</sal>
		<deptNo>30</deptNo>
	</employee>
	
	<employee>
		<empNo>7782</empNo>
		<eName>Clark</eName>
		<job>Manager</job>
		<mgr>7839</mgr>
		<hireDate>09-Jun-81</hireDate>
		<sal>2450</sal>
		<deptNo>10</deptNo>
	</employee>
	
	<employee>
		<empNo>7788</empNo>
		<eName>Scott</eName>
		<job>Analyst</job>
		<mgr>7566</mgr>
		<hireDate>19-APR-87</hireDate>
		<sal>2000</sal>
		<deptNo>20</deptNo>
	</employee>
	
	<employee>
		<empNo>7839</empNo>
		<eName>King</eName>
		<job>President</job>
		<hireDate>17-NOV-81</hireDate>
		<sal>5000</sal>
		<deptNo>10</deptNo>
	</employee>
	
	<employee>
		<empNo>7844</empNo>
		<eName>Turner</eName>
		<job>Salesman</job>
		<mgr>7698</mgr>
		<hireDate>08-SEP-81</hireDate>
		<sal>1650</sal>
		<comm>23000</comm>
		<deptNo>30</deptNo>
	</employee>
	
	<employee>
		<empNo>876</empNo>
		<eName>Adams</eName>
		<job>Clerk</job>
		<mgr>7788</mgr>
		<hireDate>23-MAY-87</hireDate>
		<sal>1430</sal>
		<comm>200</comm>
		<deptNo>20</deptNo>
	</employee>
	
	<employee>
		<empNo>7900</empNo>
		<eName>James</eName>
		<job>Clerk</job>
		<mgr>7698</mgr>
		<hireDate>03-DEC-81</hireDate>
		<sal>1045</sal>
		<comm>200</comm>
		<deptNo>30</deptNo>
	</employee>
	
	<employee>
		<empNo>7902</empNo>
		<eName>Ford</eName>
		<job>Analyst</job>
		<mgr>7566</mgr>
		<hireDate>03-DEC-81</hireDate>
		<sal>3200</sal>
		<deptNo>20</deptNo>
	</employee>
	
	<employee>
		<empNo>7934</empNo>
		<eName>Miller</eName>
		<job>Clerk</job>
		<mgr>7782</mgr>
		<hireDate>23-JAN-82</hireDate>
		<sal>1430</sal>
		<comm>200</comm>
		<deptNo>10</deptNo>
	</employee>
</employeeDetails>