<?xml version="1.0" encoding="utf-8"?>

<EmployeeDetails>
	<employee>
		<employeeCode>1111</employeeCode>
		<employeeName>
			<firstName>Seema</firstName>
			<lastname>Dalvi</lastname>
		</employeeName>
		<doj>09/08/97</doj>
		<totalExperience>12</totalExperience>
		<department>
			<unit>3d</unit>
			<loc>Mumbai</loc>
		</department>
		<designation>4</designation>
		<sal>21000</sal>
		<grade>b</grade>
	</employee>
	
	<employee>
		<employeeCode>222</employeeCode>
		<employeeName>
			<firstName>Bharti</firstName>
			<lastname>Mantri</lastname>
		</employeeName>
		<doj>12/01/99</doj>
		<totalExperience>5</totalExperience>
		<department>
			<unit>4a</unit>
			<loc>Pune</loc>
		</department>
		<designation>2</designation>
		<sal>12000</sal>
		<grade>a</grade>
	</employee>
</EmployeeDetails>